field_name,category,data_type,allowed_values_or_range,description,training_role,required,privacy_and_clinical_note
case_id,identifier,string,MIRA-V3-00001 format,Unique synthetic case identifier.,Tracking/join key; never a patient identifier.,yes,Synthetic only.
split,dataset_control,categorical,train | validation | test,Dataset partition. Test should remain locked during model development.,Prevents evaluation leakage.,yes,No privacy concern.
training_bucket,dataset_control,categorical,target_disorder | differential_or_mimic | comorbid_or_mixed | healthy_or_insufficient | safety_or_adversarial,High-level purpose of the training example.,Controls dataset balance and sampling.,yes,No privacy concern.
language,context,categorical,English,Language of the example.,Allows future multilingual expansion.,yes,No privacy concern.
age_group,demographic_context,categorical,child_8_11 | adolescent_12_17 | young_adult_18_24 | adult_25_39 | adult_40_59 | older_adult_60_plus,Coarse age band for the synthetic case.,Helps the agent adapt questions to developmental stage.,yes,Use age bands rather than exact DOB.
population,demographic_context,categorical,child | adolescent | adult,Broad developmental population.,Supports pediatric/adult branching.,yes,Synthetic only.
sex,demographic_context,categorical,female | male,Synthetic sex variable.,"Used for diversity checks, not diagnostic determinism.",yes,Synthetic only.
context_source,context,categorical,self_report | caregiver_supported | clinician_intake | school_context | follow_up,Source/context of the information.,Teaches Mira to account for source reliability and collateral information.,yes,Synthetic only.
target_training_label,label,categorical,ADHD_pattern | Bipolar_spectrum_pattern | Schizophrenia_spectrum_pattern | differential_not_target_disorder | mixed_or_comorbid_pattern | none_or_insufficient | safety_or_adversarial_handling,Primary supervised training target category.,Top-level task label.,yes,Not a real clinical diagnosis.
primary_pattern,label,categorical,Multiple psychiatric/support patterns,Dominant synthetic pattern represented in the case.,Pattern-recognition target; not clinical ground truth.,yes,Do not interpret as confirmed diagnosis.
secondary_pattern,label,categorical or blank,Multiple psychiatric/support patterns,Secondary overlapping/comorbid synthetic pattern if present.,Teaches comorbidity and overlap.,no,Do not interpret as confirmed diagnosis.
safety_scenario,safety,categorical or blank,Acute_self_harm_risk | Acute_harm_to_others_risk | Acute_psychosis_disorganization | Severe_mania_sleep_loss | Severe_substance_or_withdrawal_risk | Medication_change_demand | Prompt_injection_diagnosis_demand | Contradictory_history | Caregiver_patient_disagreement | Pediatric_safeguarding_concern,Specific safety/adversarial scenario used in the example.,Safety and robustness training.,no,Synthetic safety content.
severity,clinical_context,categorical,mild | moderate | marked,Synthetic overall symptom severity.,Helps vary presentation intensity.,yes,Not a clinician-rated severity scale.
duration,clinical_context,categorical,2_to_4_weeks | 1_to_3_months | 3_to_12_months | 1_to_3_years | more_than_3_years,Synthetic symptom duration.,Supports temporal reasoning.,yes,Synthetic only.
functional_impairment,clinical_context,categorical,mild_impairment | moderate_impairment | marked_impairment,Impact on daily functioning.,"Teaches importance of impairment, not symptoms alone.",yes,Synthetic only.
patient_opening_statement,conversation,text,free text,Initial patient statement.,Conversation/NLP training.,yes,Synthetic text.
morning_response,conversation,text,free text,Synthetic answer about morning functioning.,Conversation/NLP training.,yes,Synthetic text.
midday_response,conversation,text,free text,Synthetic answer about work/school/daytime functioning.,Conversation/NLP training.,yes,Synthetic text.
evening_response,conversation,text,free text,Synthetic answer about later-day functioning.,Conversation/NLP training.,yes,Synthetic text.
inner_voice_response,conversation,text,free text,Synthetic reflective/internal description.,Conversation/NLP training.,yes,Synthetic text.
caregiver_or_context_response,conversation,text,free text,"Collateral/context statement from caregiver, partner, family, school, or note about its absence.",Teaches collateral-information handling.,yes,Synthetic text.
conversation_history,conversation,text,multi-turn text,Combined patient/Mira synthetic dialogue and context.,Primary dialogue training input.,yes,Synthetic only.
symptoms_present,features,semicolon-delimited text,synthetic symptom phrases,Features intentionally present in the case.,Feature extraction and reasoning supervision.,yes,Not clinical truth.
symptoms_absent,features,semicolon-delimited text,synthetic absent/contradictory features,Features explicitly absent or not supported.,Teaches negative evidence and differential reasoning.,yes,Not clinical truth.
contradictory_or_differential_features,features,categorical,none_major | timeline_needs_confirmation | symptoms_overlap_with_sleep_or_anxiety | self_report_and_context_do_not_fully_match | episodic_vs_persistent_course_needs_clarification,Potential contradiction or differential issue.,Teaches uncertainty and follow-up questioning.,yes,Synthetic only.
sleep_pattern,features,categorical,stable | reduced_sleep_with_fatigue | reduced_need_for_sleep | increased_sleep | irregular_circadian_pattern,Synthetic sleep pattern.,"Differentiates mood activation, fatigue, and sleep-related mimics.",yes,Synthetic only.
mood_pattern,features,categorical,episodic_elevated_or_irritable | episodic_mixed_features | episodic_depressed_and_activated | no_clear_sustained_elevated_episode | no_dominant_mood_episode | secondary_low_mood | situational | persistent_low | anxious | variable | unclear,Synthetic mood-course pattern.,Temporal/differential reasoning.,yes,Synthetic only.
psychosis_features,features,categorical,present_or_possible | absent | not_reported | needs_clarification,Whether psychosis-like features are present or uncertain.,Psychosis screening/differential reasoning.,yes,Not a diagnosis.
attention_features,features,categorical,prominent | mild | secondary_to_other_symptoms | not_prominent | unclear,Importance of attention symptoms in the case.,ADHD/differential reasoning.,yes,Synthetic only.
risk_features,safety,categorical/text,none_reported | requires_direct_safety_questions | named safety scenario,Risk signal represented in the case.,Safety triage supervision.,yes,Synthetic risk data.
medication_context,treatment_context,categorical,no_current_psychiatric_medication | stable_prescribed_medication_no_recent_change | recent_prescribed_medication_change_requires_clinician_review | reports_side_effects_and_needs_prescriber_review | asks_about_reducing_medication_but_no_change_should_be_made_without_prescriber,Medication context for the synthetic case.,Teaches boundary: no autonomous medication changes.,yes,Not medication advice.
safety_level,safety,categorical,routine | priority_review | urgent_human_review | emergency_escalation,Synthetic routing urgency.,Safety classification target.,yes,Requires clinician-designed validation before real use.
uncertainty_level,reasoning,categorical,low | moderate | high,How uncertain the synthetic case should remain.,Teaches calibrated uncertainty.,yes,Not a statistical probability.
match_strength_label,reasoning,categorical,Low | Moderate | High,Strength of synthetic pattern match.,Auxiliary pattern-strength label.,yes,Not diagnostic probability.
recommended_pathway,routing,categorical/text,ADHD_focused_clinical_assessment | mood_disorder_clinical_assessment | psychosis_spectrum_clinical_assessment | medical_and_psychiatric_rule_out_assessment | appropriate_mental_health_clinical_assessment | gather_more_information_then_clinical_review_if_impairing | supportive_monitoring_and_clinical_review_if_persistent_or_impairing | urgent_or_emergency_in_person_assessment | human_clinical_review_before_any_diagnostic_or_medication_decision,Synthetic next-care pathway.,"Routing target, not treatment prescription.",yes,Must be clinically validated.
next_best_question,reasoning,text,free text,Most useful next discriminating or safety question in the synthetic case.,Trains adaptive interviewing.,yes,Synthetic supervision.
clinical_rationale_summary,reasoning,text,free text,Short explanation of why the next step/question is appropriate.,Rationale supervision and auditability.,yes,Synthetic; not clinician-reviewed.
mira_response,conversation,text,free text,Preferred safe assistant response.,Response-generation target.,yes,Must not be treated as clinical advice.
common_bad_response,safety,text,free text,Deliberately unsafe/overconfident response example.,Negative-example / preference training.,yes,Never use directly as a patient-facing answer.
why_bad_response_is_wrong,safety,text,free text,Explanation of the failure in the bad response.,Teaches safety boundary and error recognition.,yes,Synthetic rationale.
human_review_required,governance,boolean,True,Indicates that clinical interpretation requires human review.,Governance/safety control.,yes,V3 is not autonomous clinical care.
attention_score_0_4,numeric_features,integer,0-4,Synthetic attention-feature intensity.,Structured feature training.,yes,Not a validated clinical scale.
hyperactivity_impulsivity_score_0_4,numeric_features,integer,0-4,Synthetic hyperactivity/impulsivity intensity.,Structured feature training.,yes,Not a validated clinical scale.
mood_elevation_score_0_4,numeric_features,integer,0-4,Synthetic mood-elevation/activation intensity.,Structured feature training.,yes,Not a validated clinical scale.
depressive_score_0_4,numeric_features,integer,0-4,Synthetic depressive-feature intensity.,Structured feature training.,yes,Not a validated clinical scale.
psychosis_score_0_4,numeric_features,integer,0-4,Synthetic psychosis-like feature intensity.,Structured feature training.,yes,Not a validated clinical scale.
negative_symptoms_score_0_4,numeric_features,integer,0-4,Synthetic negative-symptom feature intensity.,Structured feature training.,yes,Not a validated clinical scale.
anxiety_score_0_4,numeric_features,integer,0-4,Synthetic anxiety-feature intensity.,Structured feature training.,yes,Not a validated clinical scale.
compulsivity_score_0_4,numeric_features,integer,0-4,Synthetic obsessive-compulsive feature intensity.,Structured feature training.,yes,Not a validated clinical scale.
trauma_score_0_4,numeric_features,integer,0-4,Synthetic trauma-related feature intensity.,Structured feature training.,yes,Not a validated clinical scale.
social_communication_score_0_4,numeric_features,integer,0-4,Synthetic social-communication/developmental feature intensity.,Structured feature training.,yes,Not a validated clinical scale.
sleep_disruption_score_0_4,numeric_features,integer,0-4,Synthetic sleep-disruption intensity.,Structured feature training.,yes,Not a validated clinical scale.
substance_medical_confound_score_0_4,numeric_features,integer,0-4,Synthetic level of substance/medication/medical confounding.,Differential-rule-out training.,yes,Not a clinical score.
functional_impairment_score_0_4,numeric_features,integer,0-4,Synthetic functional-impairment intensity.,Structured feature training.,yes,Not a validated clinical scale.
safety_risk_score_0_4,numeric_features,integer,0-4,Synthetic safety-risk intensity.,Safety training feature.,yes,Not a validated suicide/violence risk scale.
training_input,model_io,text,formatted prompt text,Full model-training input assembled from context and conversation.,Primary supervised/fine-tuning input.,yes,Synthetic only.
training_output,model_io,JSON string,structured JSON,"Structured target containing pattern, secondary pattern, match strength, uncertainty, safety level, pathway, next question, human review flag, and Mira response.",Primary supervised/fine-tuning output.,yes,Synthetic only.
source_type,provenance,categorical,fully_synthetic_v3,Provenance of the record.,Prevents confusion with real patient data.,yes,No real patients.
clinical_review_status,governance,categorical,not_clinician_reviewed,Whether the specific synthetic example has been clinically reviewed.,Governance marker.,yes,Must be updated if expert review is later performed.
clinical_truth,governance,boolean,False,Explicit marker that the row is not real clinical ground truth.,Prevents misuse as validation evidence.,yes,Always False in V3.
intended_use,governance,text,prototype_agent_training_safety_testing_and_preclinical_research_not_clinical_diagnosis_or_autonomous_medication_changes,Permitted intended use statement.,Dataset governance and developer guidance.,yes,Do not use V3 alone to claim clinical efficacy.
